Actual,LR,LR_Prob,RF,RF_Prob,GB,GB_Prob
0,1,0.5739152791218063,0,0.3241211915461624,0,0.27749378005524933
1,1,0.5867618079702066,0,0.4913572285425542,0,0.38423403361843617
0,1,0.6070074063065208,1,0.5337477699040724,1,0.7275963905698773
1,1,0.5542301695827743,0,0.30525101784819236,0,0.4230717861535796
1,1,0.5474892224544109,0,0.40727859465041305,0,0.3198416473272095
0,1,0.5383784785868055,0,0.3791221828619651,0,0.3197907636329933
0,1,0.5180458690516145,0,0.35904714634997204,0,0.2549682252991116
0,1,0.5341254994010628,0,0.41888088945141333,0,0.29003399984568556
1,1,0.5266299483705108,0,0.3594155084249179,0,0.3639225919830579
1,1,0.5501806083999073,1,0.50789105623232,0,0.30222898517831887
1,1,0.5380489735127779,0,0.40981551846079933,0,0.44542348022742834
1,1,0.5401841383520327,1,0.5753390723502261,1,0.72668113921473
1,1,0.5120823165738944,0,0.4259661426413174,0,0.33601892649831716
1,0,0.489096047124605,0,0.3849389024321919,0,0.2620543504127242
1,1,0.5088309966523987,0,0.4244092884756671,0,0.3911522208902654
1,1,0.5155930090033584,0,0.3797792444509409,0,0.33380829824910674
0,1,0.5451919923541841,0,0.41654963774665615,0,0.3414740707859942
1,0,0.4732820366495375,0,0.2839346888286896,0,0.2779604763960898
0,0,0.45474785404696577,0,0.3350848168214436,0,0.2267310650121402
0,0,0.4864142653584036,0,0.3696164136089522,0,0.3906888884725883
1,1,0.5023815742846344,0,0.4202223792468425,0,0.33387483122310757
0,1,0.5184179998524875,0,0.4882723261733177,0,0.3578465117550618
1,1,0.5198321546530964,0,0.43405534104555565,0,0.3579958989340789
1,1,0.5136156790314176,0,0.416999599266311,0,0.2508289606565955
1,1,0.5675252848168922,0,0.4903164255616397,1,0.5190672602352593
0,1,0.5304419011149238,0,0.42839631788603527,0,0.3213694314095141
0,0,0.46703975089547556,0,0.397540560399963,0,0.20166997892671695
1,1,0.5052585642286624,0,0.4117281419160503,0,0.215725671057043
0,1,0.5443453310857645,1,0.5013573298106873,0,0.4650470520962544
0,1,0.5507415772558887,0,0.4281146574004518,0,0.49824324899478006
0,0,0.49919864213129417,0,0.44511116874570483,0,0.3319941393037674
0,0,0.48999966480681184,1,0.5061972196594253,0,0.2992651868489844
1,1,0.506749683346553,1,0.5017000207547491,1,0.5069128170384346
1,1,0.5433707388217035,1,0.5290479333098349,1,0.6115558416861165
0,1,0.5609385412751217,0,0.49641089885599043,1,0.6034479941477783
1,1,0.5062105446265902,0,0.37901256729916455,0,0.26700943464261306
0,1,0.5173734533972952,0,0.44489299594478326,0,0.30494275939525045
1,1,0.514312081115512,0,0.4187722831785882,0,0.29084019011434137
1,1,0.5218733742028712,0,0.38095354472708076,0,0.2934113251050744
0,1,0.5387607434751325,0,0.4526856207843326,1,0.5096256626521468
0,1,0.5041283078923604,0,0.4233252870712248,0,0.23467885732553376
0,1,0.5166320140325662,0,0.33117674386134943,0,0.22936209895515042
1,1,0.5555577524655541,0,0.4665437883867046,0,0.3815805946276468
0,1,0.5712290883506802,1,0.5634068629214656,1,0.6795964944511242
0,1,0.5330069114339616,0,0.34478896860283015,0,0.2968408668909037
0,1,0.5430754273623835,0,0.38999179636404224,0,0.41332316774431827
1,1,0.5613754288944217,0,0.41081660766338857,0,0.4262424487337433
0,1,0.5826931199462883,0,0.44381482474965006,1,0.5047992193163928
1,1,0.5454594346772033,0,0.3415082897668779,0,0.24239697830791157
1,1,0.5542992706301607,0,0.48133218869543,1,0.6135289257410023
0,1,0.5522071833124257,0,0.3667882409175871,0,0.44986672134918665
0,1,0.5531350591973256,0,0.3458129911347319,0,0.31893646690637073
1,1,0.5419763757257552,0,0.3596167768716342,0,0.27034599150859007
0,1,0.561992513618221,0,0.42448383301348747,0,0.34932656476298984
0,1,0.5554783859068941,0,0.36536653889260756,0,0.48809024221271347
0,1,0.5399685800245299,0,0.32904633559531343,0,0.2669046216728722
1,1,0.5197333633638049,0,0.4899776772410361,1,0.5499471934101399
1,1,0.5724650221074189,0,0.403125771924256,0,0.40430540652472946
0,1,0.6046726488081752,0,0.4100342377390343,0,0.44320333581425736
0,1,0.5735945803434414,0,0.3887556862025297,0,0.43075647393071187
1,1,0.5678013869626974,0,0.423881212550394,0,0.44788490118735175
0,1,0.5398752458112542,0,0.4990293488853797,1,0.5471125327556957
0,1,0.5540654460391988,0,0.3750799276030295,0,0.43307299236074553
1,1,0.5618332853897869,0,0.43940731909380387,0,0.46424673911439085
1,1,0.5767731498003318,0,0.47101863754389967,0,0.49580706407517805
0,1,0.5475641290402538,0,0.40562457656468504,0,0.49221416922434674
0,1,0.5369012270046133,0,0.4135837833408994,0,0.49874584582673415
1,1,0.5197564575084558,0,0.41089959116378166,0,0.4571477551265551
1,1,0.5441016493870151,1,0.5321397149046276,1,0.5740497455723752
1,1,0.5339400674184007,0,0.47393503982163315,1,0.5177540272292119
0,1,0.5414893322738703,0,0.39482988618871606,0,0.3738832384966898
0,1,0.5158235843389595,0,0.42463155416799603,0,0.39971921682422645
0,1,0.530789674429852,0,0.42599864837894946,0,0.41963247842523393
0,1,0.5468467384252641,0,0.4185001211908857,0,0.41967763266530583
0,1,0.5319504222501275,0,0.415561235016234,0,0.38435060409731014
0,1,0.5588408831536027,0,0.4392510989744915,0,0.41817685357114665
0,1,0.5708582431642026,0,0.4664990519525583,0,0.4424699021968944
0,1,0.5598085866228896,0,0.4980302573876457,0,0.48960184293660497
1,1,0.5603782148394035,0,0.4886001052064429,1,0.5532940461522486
0,1,0.5695332994838087,0,0.480135322914129,0,0.4346566573302382
1,1,0.5254355921893118,0,0.43719692477441,0,0.3941837120112848
1,1,0.5625109738689428,1,0.5279056506668355,1,0.5516250704383393
1,1,0.5379683233666708,0,0.39136461701219316,1,0.5025718948879221
0,0,0.4683508158778897,0,0.3655421900069809,0,0.36363974367771723
0,0,0.497597416644903,0,0.4086701505543891,0,0.4776068347539626
0,1,0.5221812043736576,0,0.415394551673794,1,0.554157892354645
0,1,0.5292909094871061,1,0.5295351723310506,1,0.5783745075357485
0,1,0.5279136439634259,0,0.486531607827936,1,0.5098048486595473
1,1,0.5609164903281205,1,0.5429568334404979,1,0.5565733010265639
1,1,0.5619332418217226,1,0.500225979161128,0,0.49575620569606926
0,1,0.6004165944989858,1,0.5396679095311601,1,0.5416676460223474
1,1,0.5574608653383848,1,0.5328406597152546,1,0.5865560452306616
1,1,0.5434680722301158,0,0.49681861383348236,1,0.5350547434911547
0,1,0.5757731929114978,1,0.5380638911551321,1,0.6060508885806479
0,1,0.5795117891295658,0,0.4795583645469327,1,0.7568107966137851
1,1,0.5329392381362813,0,0.4508558240446513,1,0.5467574351662197
0,1,0.5556158001390624,1,0.517842775306241,1,0.554025397595832
1,1,0.5733154173713552,1,0.5153546223685008,1,0.6159177419971008
1,1,0.5605461906418582,1,0.5553877635110945,1,0.618627186492179
1,1,0.5740779918039158,1,0.6008086481864617,1,0.7251487056790156
1,1,0.552430240363274,1,0.5266298427092634,1,0.564455370944079
1,1,0.5551927473607778,1,0.6535905347312009,1,0.8853538742105892
1,1,0.5330699111376133,1,0.5616534176109343,1,0.8469484080944395
1,1,0.517587245819214,1,0.513986504900689,1,0.7959878930925566
1,1,0.571393325242898,1,0.5927588048671683,1,0.8207458891461228
1,1,0.5733890928500012,1,0.5952960815338133,1,0.8188068984059695
0,1,0.5825145247832383,1,0.5741788686676208,1,0.8264231226305386
0,1,0.5231697391570712,1,0.5309825734724495,1,0.75341848346715
0,1,0.575607300048247,1,0.5796679496441498,1,0.7795517661319189
1,1,0.56711955400378,1,0.538539895598455,1,0.7425993383862443
0,1,0.5932666318236867,1,0.5626676755947759,1,0.760056255387426
1,1,0.5753197423215883,1,0.5351392552034807,1,0.5121544811714149
1,1,0.5997088823265978,1,0.5373879642083345,1,0.7063296007009103
1,1,0.5793384585146093,1,0.5361833760815305,1,0.6897828787492416
1,1,0.5606838094061126,1,0.5041202011177195,1,0.5866059900365636
1,1,0.5850765684704194,1,0.5749132906652347,1,0.6839816614959305
1,1,0.5823402161207123,1,0.5470171339628521,1,0.7924596630675939
0,1,0.555260246104828,0,0.4192588957681014,1,0.553886819708746
1,1,0.5436503390286257,0,0.45096510091875835,1,0.5085485223263586
0,1,0.577907541434231,1,0.5495832496533773,1,0.8624193200153366
1,1,0.5277234946230258,0,0.4160397415640628,0,0.45916972276787493
1,1,0.5692358421040075,1,0.5460205009418998,1,0.8608553068074983
1,1,0.5632639831078183,0,0.430695440340677,1,0.7380009383011321
0,1,0.5359858226900948,0,0.3876143934694978,0,0.4477404887122477
1,1,0.5294272427325489,0,0.3340542866542235,0,0.4289265681155334
1,1,0.5505081623821124,0,0.43496130004620104,0,0.48321815824542297
0,1,0.5637133722442094,0,0.43356372648558056,1,0.534107123059724
0,1,0.5315986826437661,0,0.3468682761028748,0,0.36202150909193787
0,1,0.5437087388767319,0,0.40038511495462814,0,0.255907070379033
1,1,0.531347059537256,0,0.3930930623525148,0,0.4156859655653534
1,1,0.5734904386012574,0,0.4664341883162841,0,0.4922751755867127
1,1,0.5532544926956747,0,0.38281135442770925,0,0.3272377510914008
0,1,0.5383893502930217,0,0.35293816255133087,0,0.2721777556847122
1,1,0.5103940335890458,0,0.3684969170728417,0,0.20126927419997756
1,1,0.5018380436223252,0,0.43439219396812023,0,0.27536548330433364
1,1,0.5372093758320341,0,0.4840446457580819,1,0.6996187794395242
1,1,0.5214475465174379,0,0.2934082980895611,0,0.2894525696277228
0,1,0.5078618519264178,0,0.3913673157296325,0,0.26720138489786444
0,0,0.4951553954436078,0,0.3649423470442232,0,0.20925983612961502
1,1,0.5319723760221323,0,0.44434823717096417,0,0.3404063846501818
1,1,0.5270550732239361,0,0.4091763889464661,0,0.4519628068100698
1,1,0.5442672615558981,0,0.3579221403314861,0,0.22935861337457547
1,1,0.5337370761642969,0,0.3577065354235431,0,0.19696157233761302
0,1,0.5247921811500521,0,0.3280085718894769,0,0.24609645801708063
0,1,0.5347706940034858,0,0.38122123860480933,0,0.21786138470189625
1,1,0.5261445749338068,0,0.3772082567624213,0,0.2081126021392049
1,1,0.5382550787441407,0,0.38794765857596064,0,0.34310824891665487
1,1,0.5673774442944419,0,0.3909915436009079,0,0.4736381714174059
0,1,0.5567316969468241,0,0.32270245222017196,0,0.2844610786115806
1,1,0.5495570454708469,0,0.35714313749699556,0,0.23652224778726538
0,1,0.5519511398499376,0,0.39683390717584344,0,0.300985014615825
1,1,0.5378756839612033,0,0.3434661827436793,0,0.24157770316023414
1,1,0.5242318424776489,0,0.36284892379288536,0,0.24355007155480565
0,1,0.5501247686214474,0,0.3980915655184596,0,0.4558229254220957
0,1,0.5042623429080004,0,0.3026699848774736,0,0.1890932209022297
1,1,0.5337195771917818,0,0.46904836824932084,0,0.21918976942833512
1,1,0.5535467521538289,0,0.4411481610120559,0,0.4446769786464171
1,1,0.5480694966508641,0,0.4424397328673162,0,0.40232601941825114
1,1,0.5570579698800914,0,0.3742832851061552,0,0.31435186797723075
1,1,0.551390127781854,0,0.46072815999285965,1,0.7344181428421211
1,1,0.5225297740100788,0,0.34635533705366633,0,0.3124240827612934
1,1,0.5239954601296757,0,0.33813156281888196,0,0.31654575535314405
1,1,0.5310393628573132,0,0.3817604608335296,0,0.3507038901290984
0,1,0.5333916027834666,0,0.2975402436053303,0,0.23266757872426896
1,1,0.5498833487361284,0,0.3899770177185605,0,0.3799929657318035
1,1,0.5416737236631511,0,0.34470972531967553,0,0.24306799494432846
0,1,0.5684471516944549,0,0.45888540627418123,0,0.4778619726998423
1,1,0.5614917855238802,0,0.3938034812553657,0,0.39740790678299964
1,1,0.5492366037222035,0,0.3814793400800457,0,0.26627614076496264
1,1,0.5499401076035552,0,0.39255999050418267,0,0.2295568568949112
1,1,0.53735403803139,0,0.30767019420159303,0,0.22849292656348058
1,1,0.5602126642158213,0,0.34773556063422295,0,0.3138868890477492
1,1,0.5392237324498879,0,0.3306148335333133,0,0.26847049838567605
0,1,0.5387357704080469,0,0.34017783727688944,0,0.2794699407902418
0,1,0.5180779478972637,0,0.35798111421778933,0,0.25530877940008445
1,1,0.5229457823835075,0,0.36484689215031935,0,0.21139748993288193
1,1,0.5435676608286122,0,0.4170545273355804,1,0.5155115207909866
0,1,0.5301924796279294,0,0.365928740704656,0,0.4767081027199219
0,0,0.49627340664645375,0,0.3215248292625892,0,0.2346487928243282
1,1,0.5208554905061464,0,0.43013663827065535,0,0.2517265285359306
0,1,0.533378184456404,0,0.41644504879089317,0,0.48556031237822583
0,0,0.49768139544904355,0,0.3684677844255409,0,0.20391965705723228
0,0,0.4849724714179081,0,0.33682146305776306,0,0.26682867313573266
1,1,0.5106024169562885,0,0.40711313104707453,0,0.17906140818239685
1,1,0.5455107803964311,0,0.42002498098751034,0,0.43661117343225375
0,1,0.5194563069640173,0,0.4157182804154096,0,0.46965441139738473
1,0,0.4971201483503964,0,0.2852035404255947,0,0.22531367968695656
0,0,0.4929996751846735,0,0.3372388102679908,0,0.22530024743778654
0,0,0.47725638818327676,0,0.34050765806560074,0,0.20335954949099294
1,0,0.4866463559196431,0,0.40043678416290596,0,0.24095914366808913
1,1,0.5033325526788871,0,0.38020005365366877,0,0.4081675506710015
0,0,0.49492146965306305,0,0.4364325609267922,0,0.41615221218162196
0,0,0.4959933856628588,0,0.3897488997827907,0,0.1815513203257542
1,1,0.5119675129666419,0,0.40001530735723384,0,0.21909640977361491
1,1,0.5264416477726869,0,0.43059903633667873,0,0.2954262395894873
1,1,0.5218877816070437,0,0.45709522451964757,0,0.25969831927406095
0,1,0.5293140329436862,0,0.4126498027187626,0,0.2874002518443157
0,1,0.5180011137821097,0,0.3721062687458572,0,0.20871734447047155
1,1,0.5032659274616165,0,0.40971286850496086,0,0.19277503537040433
1,1,0.5344146563338508,0,0.4156243855171239,0,0.29202621348241015
1,1,0.5573422655818236,0,0.393625442066121,0,0.4527100650529513
0,1,0.5421598330780332,0,0.470896470580298,0,0.3673803410741812
1,1,0.5249084651966204,0,0.3950982329086945,0,0.29554747601736725
1,1,0.5489509745176862,0,0.48622311354723147,1,0.7301513798731074
1,1,0.5401352103638516,0,0.35540017598867335,0,0.48069016324953423
1,1,0.5224045139479961,0,0.30700351932108416,0,0.2604390942003234
1,1,0.5230115633562704,0,0.33494043498067577,0,0.2629834661235015
1,1,0.5353665063439558,0,0.3228666078263415,0,0.3516418566738838
1,1,0.5463740879885841,0,0.31304086675821,0,0.33864806297452793
0,1,0.5508796792887203,0,0.4295653109805659,1,0.6754869326677309
1,1,0.5310016820289791,0,0.34068558956048534,0,0.29689844253955194
1,1,0.5359835560491466,0,0.3564011268368881,0,0.2786616367684683
1,1,0.5526107229793081,0,0.38722321013531463,0,0.35219964343393434
0,1,0.5613150378367296,0,0.3513542269453342,0,0.3725065353925736
0,1,0.5510227136399485,0,0.3065067612730441,0,0.35393166045853286
0,1,0.5374649031556916,0,0.3601637570930884,0,0.2286994191307491
0,1,0.5294443558022492,0,0.41857941606288185,0,0.20859830745108077
1,1,0.573185858779333,0,0.3717174979321042,0,0.3724167860096676
0,1,0.5622648404718323,0,0.3899395893385645,0,0.32368675511411305
1,1,0.5493119999911438,0,0.386219451661697,0,0.30197523020467887
0,1,0.5345873199227508,0,0.39265652527475664,0,0.25115162544366226
1,1,0.504871370612308,0,0.3724624650796428,0,0.24738096871946913
0,1,0.5282816890193491,1,0.5144087779304535,0,0.24917793235137395
0,0,0.49939904145138725,0,0.40168427064340506,0,0.30424656521310633
1,0,0.49127925217394774,0,0.4005443592393064,0,0.20028980264465276
1,1,0.5128930206772818,0,0.49607492003961284,0,0.42111304106374264
0,1,0.5242772582188929,0,0.43464102804849575,1,0.5109546589758289
1,0,0.49297195544732775,0,0.3894029100746642,0,0.3144775134704064
1,0,0.49858428191858833,1,0.502525070891173,1,0.6877634008178608
0,0,0.4983258601658988,0,0.43066640829360125,1,0.5531511410971316
0,0,0.47428409766002855,0,0.34676010530650403,0,0.3204901003030061
0,1,0.5304114333426743,0,0.3577498705154336,0,0.29551568824507213
1,0,0.48147295625126946,0,0.38702325719349084,0,0.2695243094915378
0,1,0.5093246355145041,0,0.42727106708609947,0,0.33143963968709256
0,1,0.52747539881658,0,0.37802885021668425,0,0.3350336424587675
0,1,0.5211965310641754,0,0.40166307340350094,0,0.3215708327570591
0,1,0.5263464135582366,0,0.3970048508862313,0,0.4030869959661117
0,0,0.4923973384379192,0,0.45616283176214895,0,0.26811017185969466
0,1,0.5209297530195081,1,0.5156042594306228,1,0.678892711654928
1,1,0.512263684868748,1,0.5457574689519624,1,0.6710559339551858
1,1,0.5551871456723301,1,0.5357965714075524,1,0.8780478755176098
0,1,0.5329488478649409,0,0.4677943941880593,1,0.6428820915000267
0,0,0.49607719490569346,0,0.39212391557032045,0,0.44269746665567916
1,0,0.4898703997605847,0,0.4596340802701417,0,0.25905241008321384
1,1,0.525559013114928,0,0.47298841742999614,1,0.6286523957699812
1,1,0.5282080952526608,0,0.38691603087656273,1,0.6354519465722621
0,1,0.504517932432593,0,0.44110165499117665,1,0.7241134547586415
1,0,0.4669890349883208,0,0.3626905583584413,0,0.26331180771405843
0,0,0.47308147763857755,0,0.3665503421473022,0,0.27559085441464065
1,1,0.5099953023028767,0,0.4049142913395118,0,0.2810428462077954
1,1,0.5001276281064426,0,0.41720379716571904,0,0.25397945072230893
1,1,0.5360014412269003,0,0.3907266387466728,0,0.35944277859074075
1,1,0.5453989702038929,0,0.4760382349011609,1,0.7309797811697374
0,1,0.53577078533968,0,0.3976821514998906,0,0.361662157568749
0,1,0.5372885737058105,0,0.3864003469174385,0,0.345593817345631
1,1,0.5402728153382202,0,0.43215040247849723,0,0.3376526530322159
1,1,0.5805632706052914,0,0.47468689227989275,1,0.5898288336974881
0,1,0.5691861327282757,0,0.43645499997463494,1,0.5628476922105874
0,1,0.5700024942621683,0,0.432659939902367,1,0.5786094132566275
1,1,0.5720585727605981,0,0.43135895175630945,1,0.5277561540675956
1,1,0.6016357841567562,0,0.42457770296375125,1,0.5933862451630518
1,1,0.5931099914552111,1,0.5270049758499574,1,0.869374457216336
1,1,0.5561560948274633,0,0.3766512604231362,0,0.4423118900612043
1,1,0.5760650288245265,0,0.41759619107072365,1,0.6682713612205481
1,1,0.5338995144718041,1,0.5041557921480524,1,0.8415550078944608
1,1,0.5355750906708423,0,0.3700485398278151,1,0.5162232646043996
0,1,0.5257262839283092,0,0.35626328619286146,0,0.38817969392448964
1,1,0.5326265514475024,0,0.37972743321457286,0,0.45058661824675433
1,1,0.5280261828342309,0,0.4190437518197653,1,0.5428903674418826
0,1,0.5354038776909528,0,0.3962764528315785,0,0.22338775485858364
1,1,0.5327285511964914,0,0.34857567565500885,0,0.29837295635409755
1,1,0.5505103932761138,0,0.42044721336868995,0,0.32794393274664885
1,1,0.5973548063144555,1,0.5275650079227827,1,0.8671562454136623
0,1,0.5450185014388135,0,0.4974842879727926,1,0.8179378912949109
1,1,0.5315930693538763,0,0.39246510253174505,0,0.47859249640023416
0,1,0.5359650471223948,0,0.41440547216469953,1,0.6569104710296314
1,1,0.5152354504425254,0,0.3968433226133879,0,0.4626558230046734
1,1,0.5489660118524458,0,0.4846222993800248,0,0.40610962313975413
1,1,0.5648799122001799,0,0.4377204182700803,1,0.625966084639382
1,1,0.5298020428706751,0,0.4141346602565211,1,0.5042933799063861
1,1,0.5195912220901895,1,0.5201687742567955,1,0.8019352334290882
0,0,0.48779306658063754,0,0.4127395283842741,0,0.4071820853319823
1,0,0.46997512418224446,0,0.4018048499529529,0,0.32968631413711813
0,0,0.4723754416665821,0,0.4251630777462385,0,0.46693039105793455
0,0,0.48801143345463077,0,0.3530925132149029,0,0.3778990751069279
1,0,0.4759748100547625,0,0.46919321414472503,0,0.42106957791950766
1,1,0.505704387746571,0,0.473093432714828,1,0.6147695723497665
0,0,0.49833515254477423,0,0.48406101710211513,1,0.63277203389916
1,0,0.4377967767136013,0,0.4030909855385613,0,0.38011097942272964
1,0,0.48454560816453496,0,0.47605625573073745,1,0.5196353041929037
1,0,0.4838730212790972,0,0.4704239470704777,1,0.6372931691974539
1,0,0.47350367360333795,0,0.46453855879712563,0,0.4760585876782997
1,1,0.5042067112488827,0,0.49916324747782165,1,0.8382539413161664
0,0,0.47837389790989404,0,0.4859592372362161,1,0.8528251205615106
0,0,0.44118255414213725,0,0.32741305930025805,0,0.4381761758294337
0,0,0.41747023988267984,0,0.3784011917256302,0,0.49038729145629084
1,1,0.5010192210597793,1,0.5196437134891522,1,0.5990510020028684
0,1,0.5210053196652645,0,0.43251434071734385,1,0.7988419023447232
1,0,0.4720404756301695,0,0.42527467597175794,1,0.5361968489347975
0,0,0.480018214401558,1,0.5010389027440476,1,0.8057367798090913
1,0,0.48965820970676593,0,0.45292974699664024,1,0.7004462766427807
0,0,0.4792273467177953,0,0.4969357582375937,1,0.8621792863498705
1,0,0.4724594955434401,0,0.31894249908350625,1,0.5683852693294431
0,0,0.47905701015804975,0,0.4571099069509781,1,0.857417757491275
1,0,0.4754946882999558,0,0.46069597743411633,1,0.6382410423654173
0,0,0.4645131128716663,0,0.33542746099452947,0,0.49158413408151624
1,0,0.4632767169999051,0,0.3182475644159311,0,0.3932651764066903
1,0,0.49527071094722785,0,0.34531358014174496,1,0.5176845850752478
0,0,0.4863086748300552,0,0.37788915083069446,1,0.6348578955654595
1,0,0.47996256655891556,0,0.34581551144873357,0,0.37431799670119037
0,0,0.4938567157345378,0,0.4030049934393859,0,0.4586627787808251
1,0,0.49863497498026554,0,0.34001480461377814,1,0.6265638991991478
1,1,0.5033037808313383,0,0.4167371218528485,0,0.44014399052941555
1,1,0.5242255552127233,0,0.4253632293448777,1,0.623912874086519
1,1,0.5277375158348585,0,0.3575989774314212,1,0.5142690697187519
1,1,0.529782747478046,0,0.38148987951183794,1,0.5432173674328035
1,1,0.5229900201848373,0,0.4185924585228213,1,0.5226752840239538
0,1,0.5243351700854612,0,0.35825305572046706,1,0.5166475488315287
1,1,0.5194053426890929,0,0.32016382946583627,0,0.411082626579851
0,1,0.5385229961997272,0,0.4388719483948407,0,0.48621613938022995
0,1,0.539684594210652,0,0.45341651566549673,1,0.722288517633833
1,1,0.5257351714223192,0,0.3735635285508054,0,0.41107991007180544
0,1,0.5522704138842214,0,0.4121259241228586,1,0.5317340563080537
1,1,0.5322516872760048,0,0.40469838217243165,1,0.5351178944105961
1,1,0.5535892846105755,1,0.5133912996426203,1,0.5103221189649081
1,1,0.5999402093383094,1,0.5365014253088032,1,0.8818897997320492
0,1,0.5516385616946599,0,0.40908418612696956,1,0.5738919936494755
1,1,0.5214457461283883,0,0.3902712894297186,1,0.5638121512616716
1,1,0.5468937552827792,0,0.38802728265811515,1,0.5459694946612771
0,1,0.5404133974136032,0,0.3993943644480727,1,0.5242357118906388
1,1,0.5368878692438089,0,0.3753500408060721,0,0.4698818523140275
0,1,0.524912548226789,0,0.40924098742622106,0,0.48518541186303193
1,1,0.529916420362375,0,0.37382153585244926,1,0.5139507847821788
0,1,0.5336930210837946,0,0.4358828547585314,0,0.42159383268690886
1,1,0.5207690137729262,0,0.4126697352670146,1,0.5031263109023878
0,1,0.5202645619293129,0,0.3815671537247302,0,0.4606526007015485
1,0,0.4994108943315609,0,0.3633969065152509,1,0.531048067856999
1,1,0.5107299130605983,0,0.4556007551698225,0,0.4320509968476494
1,1,0.5375358599330097,0,0.463422997759675,1,0.6098133777639058
0,0,0.49264897134293817,0,0.38034505002329105,0,0.4482411285232916
1,0,0.48900349986134184,0,0.3097442957877526,0,0.42003322982178015
1,1,0.500763493967123,0,0.37544394003799814,1,0.5341303808576849
1,1,0.5173455215666506,0,0.4220129446945036,1,0.8699088323762981
0,1,0.500756531548864,0,0.4253961309295125,1,0.5726889483473281
0,0,0.48155184727715594,0,0.3322885991032616,1,0.5275424222986128
1,0,0.49231710366254566,0,0.36900974993015323,1,0.586567792801055
0,0,0.49024066598229454,0,0.37825096160393196,1,0.5404985247192591
1,1,0.5186613336128586,0,0.3802389351343132,1,0.5998883062246648
0,1,0.512120752388619,0,0.3666075887858689,1,0.5796130709558929
1,1,0.5128457971677788,0,0.40137289102657575,1,0.6181214407555822
0,1,0.5101440025832006,0,0.34210433485575903,1,0.5617520882056932
0,1,0.5214234148080787,0,0.35988129571134897,0,0.4392960356988055
0,1,0.5261324334913604,0,0.3724530080696272,1,0.5406675323970869
0,1,0.5729995869105002,0,0.40841698841510005,1,0.613910897318989
1,1,0.5550938002077154,0,0.39918743091328035,1,0.5096191806742051
1,1,0.5834262308176885,0,0.41702732573504087,1,0.6369863614614951
1,1,0.5296926460867286,0,0.41615537683400533,1,0.6355600323514681
1,1,0.5209941693884984,0,0.44893252480268847,1,0.5032569237258461
1,0,0.4956687695379522,0,0.3510242563960617,1,0.5512774888750638
0,1,0.5133977198099942,0,0.3747271695745902,1,0.5626904946792461
1,0,0.49868997920090613,0,0.35381776867344683,0,0.43730729500173476
0,1,0.5094555544533031,0,0.47504380946172176,1,0.8847487529872081
1,0,0.47820687510299364,0,0.3678524286602972,1,0.5788067857755185
0,0,0.4975942014089507,0,0.37361516247025134,1,0.5167779877995523
0,1,0.5043993403307115,0,0.368537393505058,0,0.4830666382895979
0,1,0.5386155687194739,0,0.4072909304084479,1,0.5762884964426349
0,1,0.5363977550899488,0,0.35375280384195706,0,0.45050630536182834
0,1,0.5545627796379612,0,0.4119722263762577,0,0.4619042799987578
1,1,0.548660697287269,0,0.4649097766256361,1,0.5391207326094024
1,1,0.5829408920859973,0,0.420125612775086,0,0.4777709690583
1,1,0.5645731801816211,0,0.3968763625931581,1,0.5327115819728058
0,1,0.5792869899488482,0,0.4426092424877146,1,0.527935299044974
1,1,0.5794935201137452,0,0.3936526456768533,0,0.45468000403293957
1,1,0.5597251646777094,0,0.4761581617036202,1,0.8014882250815655
1,1,0.5679491523416293,0,0.4288924649113408,1,0.5610108978929463
1,1,0.5469267183567998,0,0.3633477389391153,1,0.5971170679362436
1,1,0.5276366383149738,0,0.3896976879957847,0,0.4902852022601389
0,1,0.5196903226529515,0,0.48034950419280564,1,0.8693898995966309
0,1,0.5233051406724402,0,0.3332264307865605,0,0.3606876060382322
0,1,0.519492147016071,0,0.29821048687596996,1,0.503423146598257
0,1,0.5606617112848044,0,0.40514603215223455,1,0.5744006028016644
0,1,0.5472294595390883,0,0.3706452994092107,0,0.42486362120395127
1,1,0.5680626465834789,0,0.39603260070093227,1,0.5064051293109493
1,1,0.5870036329393297,0,0.44195156855882556,1,0.6659611015090615
0,1,0.6070192385921557,0,0.4920700829677049,1,0.8385544188695451
1,0,0.4356902039206875,1,0.5366212281317714,1,0.5290060815229449
1,1,0.5489760642561424,0,0.47056435910289757,1,0.6618428590840799
1,1,0.5716199772840721,0,0.4693896775364511,1,0.8870573258466519
0,0,0.4369303079919629,0,0.464596101505951,1,0.8643201916933002
1,0,0.44296593925289734,0,0.3922627109085758,1,0.5507187295578028
1,0,0.4258719745388939,0,0.42407289746587035,1,0.5079761270805121
1,0,0.44004247972431143,0,0.43086799982531265,1,0.5745828951186404
1,0,0.44465026768926685,0,0.4150892905751286,0,0.46262335350434103
1,0,0.45601009559454886,0,0.4444022637437196,1,0.5893381777546844
0,0,0.4406078871236018,0,0.35501445053069214,1,0.517519954621442
1,0,0.4166081965947152,0,0.2917026698546793,0,0.4934328292509683
0,0,0.44449626077885174,0,0.406419236000886,1,0.5397039540238757
1,0,0.41263632782166954,0,0.36366799284221935,0,0.3299579972301298
1,0,0.45465172771224266,0,0.4213873227588511,0,0.43698311468794093
1,0,0.44895489234849895,0,0.39646095191758024,0,0.4760576871086631
1,0,0.4389071015575893,0,0.3618392295115818,0,0.4856790914993242
0,0,0.4482839925676092,0,0.4384696353636051,1,0.5485064422950134
1,0,0.42615415685042535,0,0.3546729653461661,0,0.49921730109067525
0,0,0.43371157467880395,0,0.4342182114293317,1,0.5410657362506041
1,0,0.4446584569533984,0,0.3838732190353146,0,0.43882718599008824
1,1,0.5225907000879992,0,0.4429462414788464,1,0.5768824067909657
1,1,0.508643285956029,0,0.37021129431298183,0,0.4728663617843998
0,1,0.5123464097239846,0,0.355646343963701,0,0.4639422245192222
1,0,0.4937530706726342,0,0.357126272243981,0,0.4410838104329975
0,1,0.5267144333858367,0,0.3979778039242155,0,0.4567008053313395
0,1,0.5287249595880993,0,0.34028404653776945,0,0.4969425202016545
1,1,0.5493998905066197,0,0.44586538174946044,1,0.5508841018558769
1,1,0.5308101835347657,0,0.427811732435294,1,0.5829370441532699
1,1,0.5210857217107127,0,0.36485313482643067,0,0.4282262473594956
1,1,0.52417420677983,0,0.3927276554617518,0,0.480108676459149
0,1,0.5144416783921819,0,0.36524536361126997,0,0.4764515556378062
0,0,0.45191459021009645,0,0.34133602187226175,0,0.2807230049011521
0,0,0.49875958376681295,0,0.37231700798315354,0,0.3732372868537006
0,1,0.5281156374863379,0,0.4671414128572072,1,0.7144068844135207
0,1,0.5130221041331878,0,0.47165984594151456,0,0.459321240539724
1,0,0.4648880716946874,0,0.3883679456929981,0,0.42978666145103595
1,1,0.5179959649273094,0,0.4997026385155648,1,0.848120002258477
1,0,0.46226355476765635,0,0.33727533288517797,0,0.4945086432974529
1,0,0.47279583715192824,0,0.3785609582852127,1,0.5330075171049949
1,1,0.5026555934921146,0,0.4230139016951366,1,0.5312372917743864
0,0,0.4874362334939636,0,0.36690028203431263,0,0.4221387911430968
0,0,0.4604165284071994,0,0.33788869320415243,0,0.43757268739294947
0,0,0.45091928299773076,0,0.4789324703133315,1,0.5096556563853629
1,1,0.5321073417152165,0,0.4793639166063965,1,0.5416646322113946
0,1,0.564746424151985,1,0.5211286622707523,1,0.9064337271645285
1,1,0.5082011191660025,0,0.39672924735923387,0,0.37299869125230384
0,0,0.48073605349288046,1,0.5164255328298271,1,0.8111806642614082
0,0,0.49154040473289745,0,0.38499632317207044,1,0.6122490050541701
1,0,0.450759265897308,0,0.4148932842535446,0,0.4253901783796733
1,0,0.4696048254826316,0,0.45976431252467514,0,0.46684055013557835
1,1,0.5442895455723898,0,0.4791786400392199,1,0.8426526751826252
1,0,0.4671520425338978,0,0.3656429162242369,1,0.5228474387188519
1,0,0.4639530675427227,0,0.41770464573510635,1,0.5185067656978237
1,0,0.4522243515283516,0,0.4016086491619758,1,0.5213005297348614
1,0,0.44561310797261955,0,0.4342859749551812,0,0.464814969421258
1,0,0.486727959153901,0,0.4274031429219965,1,0.5015175727547662
1,1,0.5052361685290264,0,0.4123700010549674,1,0.6073328886893712
1,0,0.4774359394930935,0,0.4016673017052833,1,0.5393165270832685
1,0,0.47853415268505806,0,0.3875602163750323,1,0.5200382523391253
1,1,0.5274394890829551,0,0.3970273769900534,1,0.5942185112410747
1,0,0.4941650690406006,0,0.4105226063358134,1,0.5076070951616428
1,1,0.5240662203109132,0,0.37066346887595264,1,0.5443545551189497
0,1,0.5377904980920601,0,0.4040039473965533,1,0.557295614281966
0,1,0.5469724016845637,0,0.3236192703844321,0,0.43849235011378157
0,1,0.5768442045885375,0,0.4161045786132809,1,0.5024927369893117
1,1,0.5509541840355708,0,0.34034874549438066,0,0.3666712110003092
1,1,0.5965156753148365,0,0.492893921004473,0,0.45344298793671056
0,1,0.5822210101193832,0,0.4589669300577824,1,0.6763758866130916
1,1,0.5567163755083704,0,0.40063284790159975,0,0.41521331116120935
0,1,0.5757121263882461,1,0.5533001707261028,1,0.8724007566650813
1,1,0.5469448988836081,0,0.4253495041649181,1,0.7343443895969822
1,1,0.5095687021392746,0,0.43407121823768174,1,0.5431017005333788
0,1,0.5212670939009543,0,0.4099956782564045,1,0.517407645246998
1,1,0.5243721869107989,0,0.3746689342244164,1,0.5012877892128795
1,1,0.5392252679855835,0,0.4211883233769975,1,0.5587258325555331
1,1,0.5460419218682855,0,0.4930005058423154,1,0.8475303046367773
1,0,0.49908528233272276,0,0.39833139017271607,1,0.6506166736556244
1,1,0.5031633604664499,0,0.4247364285732993,1,0.5976815806441956
1,1,0.5001350986914559,0,0.4007436184909466,1,0.5311514511827876
0,1,0.5151616005343108,0,0.45139503467487957,1,0.5941867333721751
0,0,0.4952878240364638,0,0.34500439252547144,0,0.45141170072792547
0,0,0.4931182712689927,0,0.36936558637956574,0,0.4572549934013463
0,1,0.5560147308085409,0,0.4802931792991276,1,0.6746474269146624
0,1,0.5335025342454219,0,0.4198499029019826,1,0.5220060789240906
0,1,0.5366307120167478,0,0.4510437741157643,0,0.39686203433073164
1,1,0.5707725250649666,0,0.44712122798485526,1,0.6293830607156262
0,1,0.5241671827014356,0,0.4825410462828889,1,0.6585176912990862
1,1,0.5046876934152743,0,0.47664313830376615,1,0.5988652240786528
0,0,0.4935758738899041,0,0.3955072512084001,0,0.4795388153478166
1,0,0.49112394280004673,0,0.4796603438725281,1,0.5494934732867772
0,0,0.466639145675586,0,0.46620666638908675,1,0.5146363299728214
0,0,0.4595360456773837,0,0.4339565248230076,0,0.4757982174550585
0,0,0.463673266121304,0,0.48105461477815814,1,0.5138749311577149
1,0,0.46646412903380463,0,0.48000160880800347,0,0.3915289371936475
0,0,0.4820616941384702,1,0.5127072264093485,1,0.6836681375775323
0,0,0.4893471599351023,0,0.4388939179365089,1,0.5913343094958615
0,0,0.4853234457979238,0,0.49101739011273304,0,0.41585694450768446
0,0,0.47547269782037715,0,0.4960299588315504,0,0.3960250528160838
0,1,0.5265928943906794,1,0.5385780408822098,1,0.7285503379058355
1,1,0.522682757645533,1,0.5008120238662819,1,0.5633096266172617
1,1,0.5292121256544315,1,0.5204924326336886,0,0.4667812601355623
0,1,0.5572912812990201,0,0.44836356851754305,1,0.6431195691589067
0,1,0.5388425410272021,0,0.4291096117604622,0,0.41258542117369
1,1,0.5238820250680598,0,0.4644135429840886,0,0.35946413428998186
0,1,0.5661464553195982,1,0.5193489204641435,1,0.674755693523987
1,1,0.5546341770300237,0,0.4986802012400072,1,0.6718829861481005
1,1,0.5732645407364142,1,0.5671449046852604,1,0.8505446662204146
0,1,0.5285236349445489,1,0.5266246423476907,1,0.8426861399444703
0,1,0.52257378999313,0,0.3957464637336522,0,0.415105757035371
0,1,0.5097033277583551,0,0.4498901738610533,0,0.39600906274819014
0,1,0.5114294178014598,0,0.4259423556743633,1,0.67867128475565
0,1,0.5362548919426275,0,0.468599778948518,0,0.36654082953999795
0,1,0.5424542806735136,1,0.5514460737491997,0,0.48810883044105496
0,1,0.5739566942017181,1,0.5368016464298708,1,0.6550076645713223
1,1,0.5986563373073337,0,0.4903918627673379,1,0.6818029652856733
0,1,0.5887715000111443,0,0.4771578477288415,0,0.4955200501416475
1,1,0.5952726853802969,0,0.46882163888207545,1,0.55453696835825
1,1,0.6007525420700994,1,0.5178210575925102,1,0.8265075888375389
0,1,0.5047907830868491,1,0.534272700158842,1,0.852488776238594
1,1,0.507529508287873,0,0.35386999908637,1,0.5079913892531424
0,1,0.5267037482073346,0,0.3966466963666743,1,0.5917946625620749
1,1,0.5245088738227986,0,0.37743419770764924,1,0.577836658539618
1,1,0.5675070407116556,1,0.5135226495880374,1,0.8474113649987761
1,1,0.569017728241157,0,0.4151122806765183,1,0.6641913610337035
1,1,0.5567509972392846,0,0.40400910471410645,1,0.5489180509902762
1,1,0.5293419893806954,0,0.34807825826380373,1,0.5399986298452182
0,1,0.5291134866603466,0,0.45139744057318615,1,0.8553864618931681
0,1,0.5471583390213179,0,0.43302566454620234,1,0.5889250619461236
0,1,0.5731081308057397,0,0.36677198781491904,1,0.5342111010569438
1,1,0.5878152390986291,0,0.45728734803212945,1,0.5949275722037686
0,1,0.6024432054979797,0,0.44907552847531224,1,0.6084355627578322
1,1,0.5456550397875987,0,0.3731885841708531,0,0.38575657039251743
0,1,0.5648492301974285,1,0.5233217176907978,1,0.873416712515399
0,1,0.5441022409511883,0,0.3761268211885413,1,0.6689919077183732
0,1,0.5233342983284904,0,0.34483180484563625,0,0.3411402743318005
0,1,0.5532414675202886,0,0.41646011198644745,1,0.5073182074484452
0,1,0.529034043356294,0,0.441444952407766,0,0.4563254904612226
1,1,0.5659283831608506,1,0.5338225784650694,1,0.5677227761229209
0,1,0.5742543130890986,1,0.5048425297267941,1,0.6622534896257245
1,1,0.5544849792849438,0,0.4571042167185133,1,0.6524217137484848
1,1,0.5201072920187977,0,0.45337534098156135,0,0.49975476342859176
0,1,0.5100513083514864,0,0.46320798554563425,1,0.546169259112471
0,0,0.48372498686437154,0,0.435408452034334,0,0.35991274627846453
1,1,0.5112145832748265,0,0.4825413401845553,0,0.4945642000720126
1,1,0.5189649186219569,0,0.47214823150764396,1,0.6388388929344596
0,1,0.5201414346547596,1,0.5138461858017785,1,0.8631418931868362
0,0,0.45380669532314827,0,0.2868715583615155,0,0.33380824328226183
1,0,0.4310920889136855,0,0.4370298078721458,1,0.5035031628467227
0,1,0.5129232463972563,0,0.4442461816009233,1,0.7654221162925836
0,1,0.5192676899046914,0,0.41878702900191345,1,0.7202462388886297
0,1,0.510721657468491,0,0.40213876065267845,0,0.46476296663226313
0,1,0.5309230045886429,0,0.404331300429329,0,0.4669403930441155
1,0,0.49414420012772703,0,0.48765668214094426,1,0.6554564182613103
1,1,0.539003465473127,1,0.5156147773864833,1,0.5975470757262689
1,1,0.5870944395903939,0,0.4566428918815677,1,0.7198123648707899
0,1,0.5535363909562344,0,0.39439704495949823,1,0.5325902925813834
1,1,0.5241200932873161,0,0.40582947927164015,0,0.4040826105118894
0,1,0.537860011283361,0,0.34874309710987456,0,0.4772337884222988
1,1,0.5268336361634642,0,0.4624837249571989,1,0.5873683388196002
1,1,0.5541811868590432,0,0.42777285365899104,1,0.5144314826780201
0,1,0.552997575434839,0,0.4038823676016054,1,0.595370922334629
0,1,0.5427660978584024,0,0.3652746994094601,0,0.4825634359541577
1,1,0.5058762236475421,0,0.46167749783983175,0,0.41108308013918193
1,1,0.5829180554376251,0,0.4101434287580247,1,0.615228410515465
1,1,0.5751700115490109,0,0.4933884210812718,1,0.7785961000180266
1,1,0.6062586521617095,0,0.4098159075728789,1,0.5070576627221934
0,1,0.5721319689771968,1,0.500307453046632,1,0.8566565431291114
0,1,0.5691904966911537,0,0.34209785184396807,0,0.4667206079095666
1,1,0.5829774064968487,0,0.4058267019017142,1,0.5597735552357311
0,1,0.6109515807876391,0,0.4898045098118122,1,0.8900274299078887
0,1,0.5969283413133252,0,0.31424305878635966,1,0.6886390955001876
0,1,0.570538733309498,0,0.3116716971443249,0,0.4175183828168565
0,1,0.6131764504560867,0,0.44159603896332944,1,0.5624117097607723
0,1,0.6340341392045873,0,0.38727717146788515,1,0.7197911180273112
0,1,0.6159498206380849,0,0.3818497730556929,0,0.36436198813526927
0,1,0.6379851048945874,0,0.39330685661622966,1,0.5206806281671114
0,1,0.6429283835574756,0,0.4121960888471954,1,0.5931850937653268
1,1,0.6008690160841007,0,0.40896278518027956,0,0.40812786291396086
0,1,0.6182298727926394,0,0.39981587932556084,0,0.49403503831259726
0,1,0.6370113993753089,0,0.42154089711694626,1,0.6296078321122107
0,1,0.6021800664063294,0,0.4344220143464513,0,0.4161364284185029
0,1,0.6127592285801443,0,0.45305023510421494,1,0.5716007205790037
0,1,0.5792814157312389,0,0.46283698415023317,0,0.43001832485690034
0,1,0.5739458520918149,1,0.5274282968953053,1,0.5481066803984533
0,1,0.5585462869877836,1,0.5445476301836601,1,0.6731895550047716
0,1,0.5726923470518284,1,0.5185056116133299,1,0.6951090055148532
0,1,0.5181344438854283,1,0.5336715924387826,0,0.49726705654152054
0,1,0.5892480506363424,1,0.5612968206457465,1,0.5965186244322594
1,1,0.5944034955245753,1,0.5489861464799134,1,0.7718035971136443
1,1,0.5867802735172979,1,0.5438500938813927,1,0.8595496095401329
1,1,0.5792759379619599,0,0.46041243151036776,1,0.8553840066531899
0,1,0.5432096574682023,0,0.40153329950782124,0,0.4171970484338145
1,1,0.5312246256868094,0,0.36322749421256534,0,0.43223845246766823
0,1,0.5859491876320029,0,0.44251962583333265,1,0.5338499227597082
0,1,0.6064585900344642,0,0.4571112950815824,1,0.7274152444138583
1,1,0.6013337710420094,0,0.4651356596305124,1,0.5247540976557074
1,1,0.6031407031884071,0,0.4256349707688908,1,0.5854279035158619
1,1,0.6054480560977533,1,0.5098438057837017,1,0.8577646450830682
1,1,0.5721700448570171,0,0.3735595326225913,1,0.5127505207742415
1,1,0.5747261097176233,1,0.5201296096073551,1,0.8891557067650441
1,1,0.5554294755280544,0,0.3860073385149941,0,0.4784976075069153
1,1,0.5687483854039297,0,0.46663913085558706,1,0.8514738660293617
0,1,0.5792548881305251,0,0.37959086171174333,0,0.4918502738516603
1,1,0.5754125967912624,0,0.3616083005816565,0,0.45410948116988764
0,1,0.6224620331773925,0,0.48487131225391056,1,0.522686337505946
0,1,0.6363442058937304,0,0.47157547942283906,1,0.7160665693024723
1,1,0.6280648153079401,0,0.40114605233542755,1,0.6084303026911095
0,1,0.653090570958934,0,0.42745088657159874,1,0.594621488040164
0,1,0.6050304522770165,0,0.3729274259669879,0,0.48423206815255526
0,1,0.5504844078585057,0,0.4132814861716281,0,0.3126753443164046
1,1,0.5379167326804146,1,0.5294954523054883,1,0.6474174973693541
0,1,0.6782299099272763,0,0.49370045030054205,1,0.7949271601343803
1,1,0.7012214185424154,0,0.42598757996708814,1,0.5278342002941688
1,1,0.7014399586261273,1,0.5211389885521617,1,0.6977450322722621
1,1,0.6114771015499743,0,0.48256690813067366,1,0.8843188985085039
1,1,0.5858862533400053,0,0.4388233349478824,0,0.4770005312425952
1,1,0.5277669090643576,1,0.5159651578265528,1,0.9030497692620525
1,1,0.5738879640365415,0,0.4859497549150838,1,0.786825966440196
1,1,0.5153251989835975,0,0.4230339316668963,0,0.32942500714529205
0,0,0.4647563668358246,0,0.39281230448906584,0,0.32201231075097747
0,1,0.5485816234242976,0,0.35569646483731865,0,0.289059710575086
1,1,0.5135458750658808,0,0.2916217191373103,0,0.37201552981704855
1,1,0.5959160693826154,0,0.45306059758713735,1,0.8420815424871876
0,1,0.565282799060211,0,0.36827316789143344,1,0.5821580379631619
1,1,0.5490752904328043,0,0.356838499816619,0,0.44405176082345776
1,1,0.5571785422836247,0,0.38606998463137804,0,0.4205424026681601
0,1,0.621967466246721,0,0.43554245197794184,1,0.521372649120634
1,1,0.6477434654611289,0,0.37189962918943836,0,0.43784442854461725
0,1,0.5977080217312467,0,0.3202920201188487,0,0.39766299965761664
0,1,0.5842520990792769,0,0.3978863418950297,0,0.44996423662603946
1,1,0.630956937646744,0,0.4125001974289518,0,0.3435879670603978
0,1,0.602047205234179,0,0.4805564910099374,1,0.7802718558076526
1,1,0.5596415883699704,0,0.36598698470887364,1,0.6129702006631322
1,0,0.4721943615008722,0,0.4254101217420654,0,0.4096989142587595
0,1,0.5585493625147692,0,0.47666080471069294,1,0.822807165848551
0,1,0.5007414368789828,0,0.3629356572305349,0,0.43187825426316895
0,1,0.5283831575272719,0,0.3220706608133584,0,0.40416491825924417
1,1,0.5694021992472823,0,0.39161667478269835,1,0.5564227726245152
0,1,0.5691430658636283,0,0.4087785864826503,0,0.4925066216654771
1,1,0.5676626417305897,0,0.4070560480142797,1,0.6222330599216047
1,1,0.6087919118096091,0,0.4685893893763151,1,0.7897437718139806
0,1,0.5764767794549392,0,0.38233989583598943,1,0.6299485195254196
0,1,0.516462532202318,0,0.3310991085840641,0,0.3148994870507093
1,1,0.5553288113876531,0,0.43956246593275333,0,0.3702626974782522
0,1,0.5924969128846671,0,0.4696827490786667,1,0.6434387185378722
0,1,0.5537315211537742,0,0.41961587838938236,0,0.41407190697604335
0,1,0.609921354242814,0,0.41460062226475186,0,0.4569947050305068
1,1,0.5687909029194991,0,0.4449291249533251,0,0.42216793528286567
1,1,0.5793459480325477,1,0.502174855454728,0,0.4688875934396424
1,1,0.5656323385469674,0,0.4580305927049362,1,0.6206952975417344
1,1,0.5423260909814169,0,0.4843262954139901,1,0.8633509514917727
1,1,0.5552422377675181,0,0.39807710063679047,0,0.4644959521272373
1,1,0.53556340570548,0,0.4086787202999876,0,0.47751079880070274
0,1,0.5577954988566869,0,0.4125094395598664,1,0.5113697723075017
0,1,0.5825503157559137,0,0.3944490262402543,0,0.4803119696423998
1,1,0.6115634911876667,0,0.39396821813673877,1,0.5507221951982918
0,1,0.5921386828934321,0,0.471840369459506,1,0.84230435421882
0,1,0.5969467273046528,0,0.4274551972459987,1,0.7062656298506589
0,1,0.5734319941563736,0,0.3689602584964858,0,0.4242123274047587
1,1,0.5879976797054336,0,0.39636674516203463,1,0.5723151233851356
0,1,0.5937316854530196,1,0.5110086555580352,1,0.8561623279794925
1,1,0.5757069961281762,0,0.340035463902548,0,0.47845625610433395
1,1,0.5659781597484942,0,0.40926990142255215,1,0.5005809219191659
1,1,0.6215704199716998,0,0.45093876826437507,1,0.703565250789456
1,1,0.6074964417881936,1,0.5068200663602217,1,0.8436733252908255
0,1,0.5605564675301578,0,0.42223473072518636,0,0.45570322965253
1,1,0.5784816269540551,0,0.31453585254988176,1,0.5270281350645059
0,1,0.606160808867731,0,0.44089487470256394,1,0.6012378482351618
0,1,0.618146648583704,0,0.35696810081834907,1,0.6262958391960608
1,1,0.5983931535427046,0,0.3536239729485596,0,0.4129090311930264
1,1,0.6165562197082111,0,0.4213108272439564,1,0.673191796149307
1,1,0.6128424353089122,0,0.4421551130095978,1,0.5633158933495852
0,1,0.5977780167021286,0,0.431555458210754,1,0.519771727603161
0,1,0.6122879845911198,0,0.42878054257517734,1,0.5520410488038866
0,1,0.6053073456757617,0,0.4688393320799137,0,0.44989536490708604
0,1,0.6355144111192409,0,0.40980194352354304,0,0.46106895488703625
1,1,0.6236438980655028,0,0.39781676426314905,0,0.4740760042432759
1,1,0.6239710392840256,1,0.5046719753453572,1,0.52815627618844
0,1,0.6201679037761284,1,0.5213040968052648,0,0.4134852811285585
0,1,0.5871003103995729,0,0.3986888469623264,0,0.34452790736263966
1,1,0.5976219154387538,0,0.4411504830029104,0,0.3994210867649796
0,1,0.6261535285108775,0,0.4925315964930336,1,0.5192026383819088
1,1,0.6135454563208885,1,0.5305710400355785,1,0.6345753396116596
0,1,0.5714264775574045,0,0.36792719174028604,0,0.4691836336818458
0,1,0.5727977025837342,0,0.37234757129876445,0,0.40348806789797953
0,1,0.5541093337713777,0,0.4533302777391989,0,0.33481492366757215
1,1,0.5900161221618251,0,0.4913361323664482,1,0.5946839533102922
1,1,0.6309493812055861,0,0.4723997264908812,1,0.7055510506019851
0,1,0.5890334310488515,0,0.43887285459738506,1,0.5520395340396413
0,1,0.5693993829873776,0,0.3895412439389523,0,0.36264243055549367
1,1,0.5931511385470791,0,0.49070716676756065,0,0.3991421167667726
0,1,0.6123306062756776,0,0.45711509190079547,1,0.6329602643238201
0,1,0.6044572362613623,1,0.5168452012385071,1,0.5551872986904142
1,1,0.5976417341481564,0,0.460199750982889,0,0.4328165700172285
0,1,0.6150543817870198,1,0.5109502940969909,0,0.4359627906893928
1,1,0.6181134286690102,0,0.477809381216447,0,0.4064612194978837
0,1,0.5804370022254621,1,0.5281999289866366,1,0.7972612380699783
1,1,0.6062608641856244,0,0.4730125791152772,1,0.6450955123952831
1,1,0.601746160379755,0,0.42107431734978723,1,0.5524934773551906
1,1,0.5986514900969704,0,0.38153728287568184,1,0.6568240345623498
1,1,0.5946114964325456,0,0.46218962293631294,1,0.8418647637742789
1,1,0.5815985389234134,0,0.422341316781085,1,0.548798687433133
1,1,0.6008826799162307,0,0.37629537496135773,1,0.6024070414441415
0,1,0.5900876111749892,0,0.42583503292705865,1,0.5657418855618258
1,1,0.6126185312659773,0,0.4398462428321102,0,0.49944333609128383
0,1,0.6307442393168446,0,0.4461393598726194,1,0.5379012832355616
0,1,0.6269985076452907,0,0.42670591013813225,1,0.678155505027213
0,1,0.6546562409801618,0,0.43499181640413576,0,0.442349136364989
1,1,0.6747389579064536,0,0.4973914653699842,1,0.6500518712781843
0,1,0.6686989082304141,0,0.48682858173006793,1,0.5758277952226859
1,1,0.681885321574018,0,0.385599821631718,0,0.4639467724406837
1,1,0.6604307726127513,0,0.40470426104425683,1,0.5456557034302838
1,1,0.633576032738846,0,0.3840242165520671,0,0.4387560852663242
1,1,0.6531176509248033,0,0.4274326618886031,1,0.5999060725822626
1,1,0.6590697891561601,0,0.4318312959334844,1,0.5849639404920097
1,1,0.6534832764869953,0,0.4335663982768143,1,0.5354474402726224
1,1,0.6407272330297139,0,0.4086585191126397,1,0.5365178363246511
1,1,0.6209378286961894,0,0.38478767738764175,0,0.4477158532926977
0,1,0.6277227290833886,0,0.4338601103409881,1,0.5625057149042256
1,1,0.6327191547871196,0,0.4109666304441614,1,0.5556763249719521
1,1,0.6383121754962078,0,0.4114823134225153,1,0.6083711350492608
1,1,0.6278366255758508,0,0.34392731868390525,0,0.48535135146348146
0,1,0.6075893755240961,0,0.38782864074441425,0,0.4741016800069008
0,1,0.6243926144449475,0,0.3498040628495048,0,0.4968089573456304
0,1,0.6583039994803722,0,0.4358326219279779,0,0.43932719831752687
0,1,0.6758414457938807,0,0.40307597933220923,1,0.6833594572558841
0,1,0.659309101904158,0,0.39889185826414625,1,0.7041533127498348
0,1,0.664334062493655,0,0.40227916909877837,0,0.4373494001599002
0,1,0.6745124124828842,0,0.42009104949339177,1,0.5511399380219636
0,1,0.6822455856163058,0,0.46775175118430545,1,0.596701645783358
1,1,0.6781805632082273,1,0.5186635083914817,1,0.6468699886105395
1,1,0.6722703352295564,1,0.5101346585045982,1,0.8032477438852648
1,1,0.6417978484083275,0,0.4253202473270001,0,0.4589120819519003
1,1,0.6472881573305572,0,0.3525893464651246,1,0.5468604431492041
0,1,0.6272298412555388,0,0.37813807446887027,1,0.5212692680903038
1,1,0.6409013410739867,0,0.36841767175165374,0,0.4750224205692354
1,1,0.5949759141844185,0,0.41210143406461114,0,0.4358415508965411
0,1,0.6279631593337458,0,0.4131559961980094,1,0.5313463761228518
0,1,0.6609931474748185,0,0.40604093685177317,1,0.5095130063827598
1,1,0.6399114739019074,0,0.41483293956830913,0,0.45422321549681877
1,1,0.6654951952803666,0,0.46894460287468914,1,0.5283897751443124
1,1,0.6874349129366659,0,0.46308962323717673,1,0.7748755839019732
1,1,0.6157263873041164,0,0.3683378929249708,0,0.4715236424295485
1,1,0.6911683576245965,0,0.4038440346605633,1,0.5186595184792989
1,1,0.5798287524517148,0,0.3943423441851987,0,0.4603458111865629
0,1,0.6811603656562814,0,0.3674055825477249,0,0.469051224120806
1,1,0.6689892473161045,0,0.3433790411328575,0,0.39105263536876206
0,1,0.6447910442192598,0,0.3110280363248302,0,0.4372693657624856
1,1,0.6570831179335758,0,0.340388305435824,1,0.5437052132638642
0,1,0.6741618181836003,0,0.34893141140586287,1,0.574712642991835
0,1,0.666580343828644,0,0.3540973065968797,0,0.4338088930442703
1,1,0.6587970347041094,0,0.372371194953409,0,0.36252277494441115
0,1,0.6882979054989765,0,0.47957373495816086,1,0.7002932301897626
0,1,0.6617688534498258,0,0.39581791177458037,0,0.4750500309257104
0,1,0.6749557880400499,0,0.47653657647071257,0,0.47735108413227684
1,1,0.6811533337872824,0,0.4441767164775234,1,0.608009611101619
1,1,0.7059724497432719,1,0.5255646619670751,1,0.6402190980785096
1,1,0.6679216318236818,0,0.4023719047434725,0,0.43128405857026453
1,1,0.6793544099967875,0,0.41771263241972045,1,0.5177310361137915
1,1,0.6350161500349005,0,0.32052987115443565,0,0.4476650567571821
1,1,0.6096521273002578,0,0.3685943966615388,0,0.44621879525547364
0,1,0.6375710656654566,0,0.3719617589911969,0,0.4284354587613039
1,1,0.6384156321885917,0,0.33634296403265984,0,0.4155606820558566
1,1,0.6474962637544577,0,0.3574142185418696,1,0.5272325832750361
0,1,0.6420448564283158,0,0.34938929232085497,1,0.5908296467177915
0,1,0.6317494868510167,0,0.37902390723929746,1,0.5301210401135812
0,1,0.6551048196432785,0,0.4621905421922529,0,0.46130499027810845
1,1,0.6897888825744783,1,0.5077434566978913,1,0.711216251726079
1,1,0.6909050446568598,1,0.5296468217207291,1,0.875587457266538
0,1,0.6686062516028107,0,0.3820257473816306,0,0.47174711876334446
0,1,0.6681742539937712,0,0.4091914423473307,1,0.5013523743455531
0,1,0.674674725812689,0,0.41680458931356895,1,0.5595688540658127
0,1,0.6519630951314913,0,0.42955066128433955,0,0.3237749125037859
1,1,0.6824195935776769,0,0.4072016780709851,0,0.4143519384673964
1,1,0.6929322738314385,0,0.4540105638451102,1,0.6952932951889299
0,1,0.673568604363217,0,0.4251281882792574,1,0.5687670411464749
0,1,0.628687053422045,0,0.3456251267755275,0,0.3662045613959293
0,1,0.6550325117164049,0,0.47059294399200857,0,0.4658285190694792
1,1,0.6733952619494477,0,0.4634305988970201,1,0.5738812699552046
1,1,0.7061273259935776,1,0.5585579082418565,1,0.6579760059025715
0,1,0.6783380910927228,0,0.42135825198429394,1,0.5104840902698317
0,1,0.6568179727916755,0,0.39170881570319066,0,0.4847225173862809
0,1,0.6460181667097525,0,0.45916564177505437,0,0.38369653309346397
0,1,0.6925423606947294,1,0.5025958801432815,1,0.6170845434695469
1,1,0.6932650572531931,0,0.4559637237236096,1,0.6529179362820214
1,1,0.6976636712409194,0,0.4022188355597594,1,0.5851701922360032
1,1,0.7063849103367035,0,0.4000647817642259,1,0.5701940409151618
0,1,0.671044036983067,0,0.4264473592492805,1,0.5747458239539981
0,1,0.6650430474570108,0,0.3955998915487681,0,0.4971106510540993
0,1,0.6911769645176178,0,0.4554690887928078,0,0.47500977858410787
0,1,0.6440091192390972,0,0.38336404162450605,0,0.40596835139148946
